<?xml version="1.0" encoding="UTF-8"?>
<project-private xmlns="http://www.netbeans.org/ns/project-private/1">
    <editor-bookmarks xmlns="http://www.netbeans.org/ns/editor-bookmarks/2" lastBookmarkId="0"/>
    <open-files xmlns="http://www.netbeans.org/ns/projectui-open-files/2">
        <group>
            <file>file:/C:/Users/LABORATORIO%2001/Documents/NetBeansProjectsSextaAula/Faculdade/src/pessoa/Aluno.java</file>
            <file>file:/C:/Users/LABORATORIO%2001/Documents/NetBeansProjectsSextaAula/Faculdade/src/pessoa/Funcionario.java</file>
            <file>file:/C:/Users/LABORATORIO%2001/Documents/NetBeansProjectsSextaAula/Faculdade/src/pessoa/Estagiario.java</file>
            <file>file:/C:/Users/LABORATORIO%2001/Documents/NetBeansProjectsSextaAula/Faculdade/src/main/Main.java</file>
            <file>file:/C:/Users/LABORATORIO%2001/Documents/NetBeansProjectsSextaAula/Faculdade/src/pessoa/Monitor.java</file>
            <file>file:/C:/Users/LABORATORIO%2001/Documents/NetBeansProjectsSextaAula/Faculdade/src/pessoa/Pessoa.java</file>
        </group>
    </open-files>
</project-private>
