<?xml version="1.0" encoding="UTF-8"?>
<project-private xmlns="http://www.netbeans.org/ns/project-private/1">
    <open-files xmlns="http://www.netbeans.org/ns/projectui-open-files/2">
        <group>
            <file>file:/C:/Users/LABORATORIO%2001/Documents/NetBeansProjectsSextaAula/Conta/src/conta/Conta.java</file>
            <file>file:/C:/Users/LABORATORIO%2001/Documents/NetBeansProjectsSextaAula/Conta/src/main/Main.java</file>
        </group>
    </open-files>
</project-private>
